{"frames":{"New Piskel0.png":{"frame":{"x":0,"y":0,"w":61,"h":31},"rotated":false,"trimmed":false,"spriteSourceSize":{"x":0,"y":0,"w":61,"h":31},"sourceSize":{"w":61,"h":31}},"New Piskel1.png":{"frame":{"x":61,"y":0,"w":61,"h":31},"rotated":false,"trimmed":false,"spriteSourceSize":{"x":0,"y":0,"w":61,"h":31},"sourceSize":{"w":61,"h":31}},"New Piskel2.png":{"frame":{"x":0,"y":31,"w":61,"h":31},"rotated":false,"trimmed":false,"spriteSourceSize":{"x":0,"y":0,"w":61,"h":31},"sourceSize":{"w":61,"h":31}},"New Piskel3.png":{"frame":{"x":61,"y":31,"w":61,"h":31},"rotated":false,"trimmed":false,"spriteSourceSize":{"x":0,"y":0,"w":61,"h":31},"sourceSize":{"w":61,"h":31}},"New Piskel4.png":{"frame":{"x":0,"y":62,"w":61,"h":31},"rotated":false,"trimmed":false,"spriteSourceSize":{"x":0,"y":0,"w":61,"h":31},"sourceSize":{"w":61,"h":31}},"New Piskel5.png":{"frame":{"x":61,"y":62,"w":61,"h":31},"rotated":false,"trimmed":false,"spriteSourceSize":{"x":0,"y":0,"w":61,"h":31},"sourceSize":{"w":61,"h":31}},"New Piskel6.png":{"frame":{"x":0,"y":93,"w":61,"h":31},"rotated":false,"trimmed":false,"spriteSourceSize":{"x":0,"y":0,"w":61,"h":31},"sourceSize":{"w":61,"h":31}},"New Piskel7.png":{"frame":{"x":61,"y":93,"w":61,"h":31},"rotated":false,"trimmed":false,"spriteSourceSize":{"x":0,"y":0,"w":61,"h":31},"sourceSize":{"w":61,"h":31}},"New Piskel8.png":{"frame":{"x":0,"y":124,"w":61,"h":31},"rotated":false,"trimmed":false,"spriteSourceSize":{"x":0,"y":0,"w":61,"h":31},"sourceSize":{"w":61,"h":31}},"New Piskel9.png":{"frame":{"x":61,"y":124,"w":61,"h":31},"rotated":false,"trimmed":false,"spriteSourceSize":{"x":0,"y":0,"w":61,"h":31},"sourceSize":{"w":61,"h":31}},"New Piskel10.png":{"frame":{"x":0,"y":155,"w":61,"h":31},"rotated":false,"trimmed":false,"spriteSourceSize":{"x":0,"y":0,"w":61,"h":31},"sourceSize":{"w":61,"h":31}},"New Piskel11.png":{"frame":{"x":61,"y":155,"w":61,"h":31},"rotated":false,"trimmed":false,"spriteSourceSize":{"x":0,"y":0,"w":61,"h":31},"sourceSize":{"w":61,"h":31}}},"meta":{"app":"https://github.com/piskelapp/piskel/","version":"1.0","image":"New Piskel.png","format":"RGBA8888","size":{"w":122,"h":186}}}