{"frames":{"New Piskel0.png":{"frame":{"x":0,"y":0,"w":49,"h":29},"rotated":false,"trimmed":false,"spriteSourceSize":{"x":0,"y":0,"w":49,"h":29},"sourceSize":{"w":49,"h":29}},"New Piskel1.png":{"frame":{"x":49,"y":0,"w":49,"h":29},"rotated":false,"trimmed":false,"spriteSourceSize":{"x":0,"y":0,"w":49,"h":29},"sourceSize":{"w":49,"h":29}},"New Piskel2.png":{"frame":{"x":0,"y":29,"w":49,"h":29},"rotated":false,"trimmed":false,"spriteSourceSize":{"x":0,"y":0,"w":49,"h":29},"sourceSize":{"w":49,"h":29}},"New Piskel3.png":{"frame":{"x":49,"y":29,"w":49,"h":29},"rotated":false,"trimmed":false,"spriteSourceSize":{"x":0,"y":0,"w":49,"h":29},"sourceSize":{"w":49,"h":29}},"New Piskel4.png":{"frame":{"x":0,"y":58,"w":49,"h":29},"rotated":false,"trimmed":false,"spriteSourceSize":{"x":0,"y":0,"w":49,"h":29},"sourceSize":{"w":49,"h":29}},"New Piskel5.png":{"frame":{"x":49,"y":58,"w":49,"h":29},"rotated":false,"trimmed":false,"spriteSourceSize":{"x":0,"y":0,"w":49,"h":29},"sourceSize":{"w":49,"h":29}},"New Piskel6.png":{"frame":{"x":0,"y":87,"w":49,"h":29},"rotated":false,"trimmed":false,"spriteSourceSize":{"x":0,"y":0,"w":49,"h":29},"sourceSize":{"w":49,"h":29}},"New Piskel7.png":{"frame":{"x":49,"y":87,"w":49,"h":29},"rotated":false,"trimmed":false,"spriteSourceSize":{"x":0,"y":0,"w":49,"h":29},"sourceSize":{"w":49,"h":29}},"New Piskel8.png":{"frame":{"x":0,"y":116,"w":49,"h":29},"rotated":false,"trimmed":false,"spriteSourceSize":{"x":0,"y":0,"w":49,"h":29},"sourceSize":{"w":49,"h":29}},"New Piskel9.png":{"frame":{"x":49,"y":116,"w":49,"h":29},"rotated":false,"trimmed":false,"spriteSourceSize":{"x":0,"y":0,"w":49,"h":29},"sourceSize":{"w":49,"h":29}}},"meta":{"app":"https://github.com/piskelapp/piskel/","version":"1.0","image":"New Piskel.png","format":"RGBA8888","size":{"w":98,"h":145}}}